Workbook

Sheet Summary
A1: BOZ ELECTION RESULTS
A2: Presidential Election Results | National
A3: Generated: 7/6/2026, 8:39:20 PM
A5: PROJECTED WINNER
A6: =INDEX(Results!B:B,MATCH(1,Results!A:A,0)) -> Candidate bm | C6: =INDEX(Results!D:D,MATCH(1,Results!A:A,0)) -> 1558
C7: =INDEX(Results!E:E,MATCH(1,Results!A:A,0)) -> 0.52742045
A9: ELECTION STATISTICS
A10: Registered Voters | C10: 3460
A11: Rejected Ballots | C11: 0
A12: Valid Votes | C12: =Results!$D$16 -> 2954
A13: Votes Cast | C13: =C12+C11 -> 2954
A14: Voter Turnout | C14: =C13/C10 -> 0.85375723
A15: Candidates Contesting | C15: =COUNT(Results!A2:A15) -> 14
A17: TOP CANDIDATES
A18: Rank | B18: Candidate | C18: Votes | D18: Share
A19: 1 | B19: =IFERROR(INDEX(Results!B:B,MATCH(1,Results!A:A,0)),"") -> Candidate bm | C19: =IFERROR(INDEX(Results!D:D,MATCH(1,Results!A:A,0)),"") -> 1558 | D19: =IFERROR(INDEX(Results!E:E,MATCH(1,Results!A:A,0)),"") -> 0.52742045
A20: 2 | B20: =IFERROR(INDEX(Results!B:B,MATCH(2,Results!A:A,0)),"") -> Candidate hh | C20: =IFERROR(INDEX(Results!D:D,MATCH(2,Results!A:A,0)),"") -> 1101 | D20: =IFERROR(INDEX(Results!E:E,MATCH(2,Results!A:A,0)),"") -> 0.37271496
A21: 3 | B21: =IFERROR(INDEX(Results!B:B,MATCH(3,Results!A:A,0)),"") -> Candidate fm | C21: =IFERROR(INDEX(Results!D:D,MATCH(3,Results!A:A,0)),"") -> 69 | D21: =IFERROR(INDEX(Results!E:E,MATCH(3,Results!A:A,0)),"") -> 0.023358158

Sheet Results
A1: Rank | B1: Candidate | C1: Party | D1: Votes | E1: Vote Share (%)
A2: 1 | B2: Candidate bm | C2: — | D2: 1558 | E2: =D2/D$16 -> 0.52742045
A3: 2 | B3: Candidate hh | C3: — | D3: 1101 | E3: =D3/D$16 -> 0.37271496
A4: 3 | B4: Candidate fm | C4: — | D4: 69 | E4: =D4/D$16 -> 0.023358158
A5: 4 | B5: Candidate hk | C5: — | D5: 55 | E5: =D5/D$16 -> 0.018618822
A6: 5 | B6: Candidate kbf | C6: — | D6: 25 | E6: =D6/D$16 -> 0.0084631009
A7: 6 | B7: Candidate hkunda | C7: — | D7: 20 | E7: =D7/D$16 -> 0.0067704807
A8: 7 | B8: Candidate xc | C8: — | D8: 20 | E8: =D8/D$16 -> 0.0067704807
A9: 8 | B9: Candidate dp | C9: — | D9: 20 | E9: =D9/D$16 -> 0.0067704807
A10: 9 | B10: Candidate rs2 | C10: — | D10: 20 | E10: =D10/D$16 -> 0.0067704807
A11: 10 | B11: Candidate aan | C11: — | D11: 19 | E11: =D11/D$16 -> 0.0064319567
A12: 11 | B12: Candidate gk | C12: — | D12: 14 | E12: =D12/D$16 -> 0.0047393365
A13: 12 | B13: Candidate gmc | C13: — | D13: 11 | E13: =D13/D$16 -> 0.0037237644
... A15: 14 | B15: Candidate bmush | C15: — | D15: 11 | E15: =D15/D$16 -> 0.0037237644
C16: TOTAL | D16: =SUM(D2:D15) -> 2954 | E16: =D16/D16 -> 1
